{
  "condition": "vividembed",
  "seed": 123,
  "n_evaluated": 100,
  "timestamp": "2026-03-18T12:25:51.467621",
  "overall": {
    "tool_accuracy": 0.38,
    "f1": 0.47093417366946766,
    "precision": 0.5113333333333333,
    "recall": 0.46360256410256406,
    "bleu1": 0.6077334967028903
  },
  "per_level": {
    "L1": {
      "n": 59,
      "tool_accuracy": 0.4406779661016949,
      "f1": 0.5223258795043442,
      "bleu1": 0.6691175891986504
    },
    "L2": {
      "n": 23,
      "tool_accuracy": 0.21739130434782608,
      "f1": 0.3800207039337475,
      "bleu1": 0.45191548894289907
    },
    "L3": {
      "n": 5,
      "tool_accuracy": 0.2,
      "f1": 0.2,
      "bleu1": 0.5108771929824562
    },
    "L4": {
      "n": 13,
      "tool_accuracy": 0.46153846153846156,
      "f1": 0.5027472527472527,
      "bleu1": 0.6420745920745922
    }
  }
}