{
  "condition": "embedding",
  "seed": 789,
  "n_evaluated": 100,
  "timestamp": "2026-03-18T11:16:51.075101",
  "overall": {
    "tool_accuracy": 0.47,
    "f1": 0.5576363636363635,
    "precision": 0.5825238095238094,
    "recall": 0.5658333333333333,
    "bleu1": 0.6493454184704184
  },
  "per_level": {
    "L1": {
      "n": 56,
      "tool_accuracy": 0.5535714285714286,
      "f1": 0.6325680272108842,
      "bleu1": 0.7245828823953824
    },
    "L2": {
      "n": 29,
      "tool_accuracy": 0.2413793103448276,
      "f1": 0.3811762949693984,
      "bleu1": 0.48073219883564705
    },
    "L3": {
      "n": 4,
      "tool_accuracy": 0.5,
      "f1": 0.375,
      "bleu1": 0.5416666666666666
    },
    "L4": {
      "n": 11,
      "tool_accuracy": 0.6363636363636364,
      "f1": 0.7077922077922078,
      "bleu1": 0.75
    }
  }
}