{
  "condition": "embedding",
  "seed": 42,
  "n_evaluated": 100,
  "timestamp": "2026-03-18T10:49:24.799409",
  "overall": {
    "tool_accuracy": 0.43,
    "f1": 0.4944920634920634,
    "precision": 0.5243333333333333,
    "recall": 0.502562271062271,
    "bleu1": 0.6310083899256225
  },
  "per_level": {
    "L1": {
      "n": 65,
      "tool_accuracy": 0.49230769230769234,
      "f1": 0.521831501831502,
      "bleu1": 0.6629953042224848
    },
    "L2": {
      "n": 19,
      "tool_accuracy": 0.21052631578947367,
      "f1": 0.31328320802005016,
      "bleu1": 0.5014735455238888
    },
    "L3": {
      "n": 7,
      "tool_accuracy": 0.42857142857142855,
      "f1": 0.5587301587301587,
      "bleu1": 0.6153846153846153
    },
    "L4": {
      "n": 9,
      "tool_accuracy": 0.4444444444444444,
      "f1": 0.6296296296296295,
      "bleu1": 0.6856060606060606
    }
  }
}