{
  "condition": "vividembed",
  "seed": 1337,
  "n_evaluated": 100,
  "timestamp": "2026-03-18T11:31:02.571590",
  "overall": {
    "tool_accuracy": 0.38,
    "f1": 0.46294588744588744,
    "precision": 0.4791904761904761,
    "recall": 0.47710256410256413,
    "bleu1": 0.6002366026078076
  },
  "per_level": {
    "L1": {
      "n": 61,
      "tool_accuracy": 0.4918032786885246,
      "f1": 0.5414129586260734,
      "bleu1": 0.6629122538235366
    },
    "L2": {
      "n": 26,
      "tool_accuracy": 0.038461538461538464,
      "f1": 0.21545121545121543,
      "bleu1": 0.4215774145209629
    },
    "L3": {
      "n": 2,
      "tool_accuracy": 0.5,
      "f1": 0.5,
      "bleu1": 0.6666666666666666
    },
    "L4": {
      "n": 11,
      "tool_accuracy": 0.5454545454545454,
      "f1": 0.606060606060606,
      "bleu1": 0.662878787878788
    }
  }
}