{
  "condition": "vividembed",
  "seed": 42,
  "n_evaluated": 100,
  "timestamp": "2026-03-18T12:20:40.874307",
  "overall": {
    "tool_accuracy": 0.42,
    "f1": 0.4946904761904761,
    "precision": 0.5286666666666667,
    "recall": 0.486871794871795,
    "bleu1": 0.6477178801370309
  },
  "per_level": {
    "L1": {
      "n": 65,
      "tool_accuracy": 0.5230769230769231,
      "f1": 0.5610256410256409,
      "bleu1": 0.7021301889456049
    },
    "L2": {
      "n": 19,
      "tool_accuracy": 0.05263157894736842,
      "f1": 0.24561403508771926,
      "bleu1": 0.45916718674155743
    },
    "L3": {
      "n": 7,
      "tool_accuracy": 0.42857142857142855,
      "f1": 0.5428571428571428,
      "bleu1": 0.6707875457875457
    },
    "L4": {
      "n": 9,
      "tool_accuracy": 0.4444444444444444,
      "f1": 0.503968253968254,
      "bleu1": 0.6348484848484849
    }
  }
}