{
  "condition": "embedding",
  "seed": 123,
  "n_evaluated": 100,
  "timestamp": "2026-03-18T10:58:39.202355",
  "overall": {
    "tool_accuracy": 0.38,
    "f1": 0.4643268398268397,
    "precision": 0.5030238095238095,
    "recall": 0.4762692307692308,
    "bleu1": 0.5830113161692109
  },
  "per_level": {
    "L1": {
      "n": 59,
      "tool_accuracy": 0.423728813559322,
      "f1": 0.4767150928167878,
      "bleu1": 0.6290541614694158
    },
    "L2": {
      "n": 23,
      "tool_accuracy": 0.2608695652173913,
      "f1": 0.39013739883305104,
      "bleu1": 0.4465485601355166
    },
    "L3": {
      "n": 5,
      "tool_accuracy": 0.4,
      "f1": 0.3,
      "bleu1": 0.47964912280701755
    },
    "L4": {
      "n": 13,
      "tool_accuracy": 0.38461538461538464,
      "f1": 0.6025641025641025,
      "bleu1": 0.6552364302364302
    }
  }
}