{
  "condition": "vividembed",
  "seed": 42,
  "n_evaluated": 100,
  "timestamp": "2026-03-18T10:53:55.300485",
  "overall": {
    "tool_accuracy": 0.38,
    "f1": 0.48282539682539677,
    "precision": 0.5099999999999999,
    "recall": 0.4835622710622712,
    "bleu1": 0.619620307419893
  },
  "per_level": {
    "L1": {
      "n": 65,
      "tool_accuracy": 0.46153846153846156,
      "f1": 0.5104761904761905,
      "bleu1": 0.6495660863815023
    },
    "L2": {
      "n": 19,
      "tool_accuracy": 0.15789473684210525,
      "f1": 0.3333333333333333,
      "bleu1": 0.5139934817280354
    },
    "L3": {
      "n": 7,
      "tool_accuracy": 0.2857142857142857,
      "f1": 0.4873015873015873,
      "bleu1": 0.6034798534798534
    },
    "L4": {
      "n": 9,
      "tool_accuracy": 0.3333333333333333,
      "f1": 0.5952380952380953,
      "bleu1": 0.6388888888888888
    }
  }
}