{
  "condition": "vividembed",
  "seed": 123,
  "n_evaluated": 100,
  "timestamp": "2026-03-18T11:03:24.799655",
  "overall": {
    "tool_accuracy": 0.32,
    "f1": 0.4279038706391647,
    "precision": 0.4680238095238095,
    "recall": 0.42043589743589743,
    "bleu1": 0.5762893977367661
  },
  "per_level": {
    "L1": {
      "n": 59,
      "tool_accuracy": 0.3898305084745763,
      "f1": 0.46179319185301243,
      "bleu1": 0.629659488345929
    },
    "L2": {
      "n": 23,
      "tool_accuracy": 0.21739130434782608,
      "f1": 0.37046866177300963,
      "bleu1": 0.458603896103896
    },
    "L3": {
      "n": 5,
      "tool_accuracy": 0.0,
      "f1": 0.1,
      "bleu1": 0.4545614035087719
    },
    "L4": {
      "n": 13,
      "tool_accuracy": 0.3076923076923077,
      "f1": 0.5018315018315017,
      "bleu1": 0.5891025641025641
    }
  }
}