{
  "condition": "vividembed",
  "seed": 456,
  "n_evaluated": 100,
  "timestamp": "2026-03-18T11:12:33.930205",
  "overall": {
    "tool_accuracy": 0.41,
    "f1": 0.5118865546218487,
    "precision": 0.531,
    "recall": 0.5196666666666667,
    "bleu1": 0.6525842352092355
  },
  "per_level": {
    "L1": {
      "n": 68,
      "tool_accuracy": 0.4852941176470588,
      "f1": 0.5953863898500577,
      "bleu1": 0.7161661255411256
    },
    "L2": {
      "n": 17,
      "tool_accuracy": 0.17647058823529413,
      "f1": 0.19117647058823528,
      "bleu1": 0.4201447245564892
    },
    "L3": {
      "n": 5,
      "tool_accuracy": 0.4,
      "f1": 0.3333333333333333,
      "bleu1": 0.54
    },
    "L4": {
      "n": 10,
      "tool_accuracy": 0.3,
      "f1": 0.5785714285714285,
      "bleu1": 0.6716666666666666
    }
  }
}