{
  "condition": "vividembed",
  "seed": 789,
  "n_evaluated": 100,
  "timestamp": "2026-03-18T11:21:12.643813",
  "overall": {
    "tool_accuracy": 0.41,
    "f1": 0.5174752992105932,
    "precision": 0.5310238095238095,
    "recall": 0.5283333333333332,
    "bleu1": 0.6300301226551227
  },
  "per_level": {
    "L1": {
      "n": 56,
      "tool_accuracy": 0.5,
      "f1": 0.5843637454981991,
      "bleu1": 0.6866686636775923
    },
    "L2": {
      "n": 29,
      "tool_accuracy": 0.20689655172413793,
      "f1": 0.3645096283027318,
      "bleu1": 0.487341394237946
    },
    "L3": {
      "n": 4,
      "tool_accuracy": 0.25,
      "f1": 0.25,
      "bleu1": 0.5833333333333333
    },
    "L4": {
      "n": 11,
      "tool_accuracy": 0.5454545454545454,
      "f1": 0.6774891774891775,
      "bleu1": 0.7348484848484849
    }
  }
}