{
  "condition": "vividembed",
  "seed": 456,
  "n_evaluated": 100,
  "timestamp": "2026-03-18T12:30:45.308999",
  "overall": {
    "tool_accuracy": 0.47,
    "f1": 0.5535532212885154,
    "precision": 0.5826666666666667,
    "recall": 0.5538333333333333,
    "bleu1": 0.6801246157224418
  },
  "per_level": {
    "L1": {
      "n": 68,
      "tool_accuracy": 0.5588235294117647,
      "f1": 0.63729815455594,
      "bleu1": 0.7586274694330961
    },
    "L2": {
      "n": 17,
      "tool_accuracy": 0.17647058823529413,
      "f1": 0.20980392156862743,
      "bleu1": 0.3794584500466853
    },
    "L3": {
      "n": 5,
      "tool_accuracy": 0.2,
      "f1": 0.3333333333333333,
      "bleu1": 0.495
    },
    "L4": {
      "n": 10,
      "tool_accuracy": 0.5,
      "f1": 0.6785714285714286,
      "bleu1": 0.75
    }
  }
}