{
  "condition": "embedding",
  "seed": 1337,
  "n_evaluated": 100,
  "timestamp": "2026-03-18T11:26:16.124122",
  "overall": {
    "tool_accuracy": 0.42,
    "f1": 0.49935064935064927,
    "precision": 0.5248571428571428,
    "recall": 0.507102564102564,
    "bleu1": 0.6333349327512042
  },
  "per_level": {
    "L1": {
      "n": 61,
      "tool_accuracy": 0.5245901639344263,
      "f1": 0.5710382513661204,
      "bleu1": 0.7031576614749229
    },
    "L2": {
      "n": 26,
      "tool_accuracy": 0.038461538461538464,
      "f1": 0.21545121545121543,
      "bleu1": 0.4062341556293169
    },
    "L3": {
      "n": 2,
      "tool_accuracy": 0.5,
      "f1": 0.5,
      "bleu1": 0.6666666666666666
    },
    "L4": {
      "n": 11,
      "tool_accuracy": 0.7272727272727273,
      "f1": 0.7727272727272727,
      "bleu1": 0.7768595041322314
    }
  }
}