{
  "condition": "vividembed",
  "seed": 789,
  "n_evaluated": 100,
  "timestamp": "2026-03-18T12:35:18.892080",
  "overall": {
    "tool_accuracy": 0.44,
    "f1": 0.5397436974789914,
    "precision": 0.5631666666666667,
    "recall": 0.5423333333333332,
    "bleu1": 0.6442400558378819
  },
  "per_level": {
    "L1": {
      "n": 56,
      "tool_accuracy": 0.5535714285714286,
      "f1": 0.6353841536614645,
      "bleu1": 0.7277252337034944
    },
    "L2": {
      "n": 29,
      "tool_accuracy": 0.20689655172413793,
      "f1": 0.3312807881773399,
      "bleu1": 0.4513123849330746
    },
    "L3": {
      "n": 4,
      "tool_accuracy": 0.25,
      "f1": 0.25,
      "bleu1": 0.5833333333333333
    },
    "L4": {
      "n": 11,
      "tool_accuracy": 0.5454545454545454,
      "f1": 0.7077922077922078,
      "bleu1": 0.75
    }
  }
}