{
  "condition": "vividembed",
  "seed": 1337,
  "n_evaluated": 100,
  "timestamp": "2026-03-18T12:40:17.746526",
  "overall": {
    "tool_accuracy": 0.41,
    "f1": 0.4926904761904761,
    "precision": 0.5175,
    "recall": 0.4986025641025641,
    "bleu1": 0.6246042385950087
  },
  "per_level": {
    "L1": {
      "n": 61,
      "tool_accuracy": 0.5409836065573771,
      "f1": 0.5934035909445746,
      "bleu1": 0.7141742886921286
    },
    "L2": {
      "n": 26,
      "tool_accuracy": 0.0,
      "f1": 0.1597985347985348,
      "bleu1": 0.3677868813826036
    },
    "L3": {
      "n": 2,
      "tool_accuracy": 0.0,
      "f1": 0.3333333333333333,
      "bleu1": 0.4666666666666667
    },
    "L4": {
      "n": 11,
      "tool_accuracy": 0.7272727272727273,
      "f1": 0.75,
      "bleu1": 0.7636363636363637
    }
  }
}