{
  "condition": "embedding",
  "seed": 456,
  "n_evaluated": 100,
  "timestamp": "2026-03-18T11:07:59.797339",
  "overall": {
    "tool_accuracy": 0.46,
    "f1": 0.5581904761904761,
    "precision": 0.5941666666666666,
    "recall": 0.5596666666666666,
    "bleu1": 0.6722252886002887
  },
  "per_level": {
    "L1": {
      "n": 68,
      "tool_accuracy": 0.5147058823529411,
      "f1": 0.6235294117647059,
      "bleu1": 0.7383098315083609
    },
    "L2": {
      "n": 17,
      "tool_accuracy": 0.17647058823529413,
      "f1": 0.2392156862745098,
      "bleu1": 0.38926237161531274
    },
    "L3": {
      "n": 5,
      "tool_accuracy": 0.4,
      "f1": 0.4133333333333333,
      "bleu1": 0.5
    },
    "L4": {
      "n": 10,
      "tool_accuracy": 0.6,
      "f1": 0.7285714285714285,
      "bleu1": 0.79
    }
  }
}